director_name,mean_imdb_score
Charles Chaplin,8.6
Tony Kaye,8.6
Alfred Hitchcock,8.5
Damien Chazelle,8.5
Majid Majidi,8.5
Ron Fricke,8.5
Christopher Nolan,8.43
Sergio Leone,8.43
Asghar Farhadi,8.4
Marius A. Markevicius,8.4
Richard Marquand,8.4
S.S. Rajamouli,8.4
Billy Wilder,8.3
Fritz Lang,8.3
Lee Unkrich,8.3
Lenny Abrahamson,8.3
Hayao Miyazaki,8.23
Pete Docter,8.23
Elia Kazan,8.2
George Roy Hill,8.2
Joshua Oppenheimer,8.2
Juan JosÃ© Campanella,8.2
Quentin Tarantino,8.2
Victor Fleming,8.15
Milos Forman,8.13
Akira Kurosawa,8.1
David Sington,8.1
Je-kyu Kang,8.1
Michael Roemer,8.1
Michael Wadleigh,8.1
Terry George,8.1
Tim Miller,8.1
William Wyler,8.1
Ari Folman,8
David Lean,8
Michel Hazanavicius,8
Stephen Chbosky,8
Vincent Paronnaud,8
Frank Darabont,7.98
Denis Villeneuve,7.97
James Cameron,7.91
Anna Muylaert,7.9
Christophe Barratier,7.9
Cristian Mungiu,7.9
Dan Gilroy,7.9
Don Hall,7.9
FabiÃ¡n Bielinsky,7.9
George Cukor,7.9
Jacques Perrin,7.9
Jonathan Dayton,7.9
StÃ©phane Aubier,7.9
Tom McCarthy,7.9
Joss Whedon,7.87
Morten Tyldum,7.85
Alejandro G. IÃ±Ã¡rritu,7.84
Alfonso CuarÃ³n,7.8
Bernardo Bertolucci,7.8
Christian Carion,7.8
Giuseppe Tornatore,7.8
Henry Alex Rubin,7.8
Jim Abrahams,7.8
Josh Boone,7.8
Mark Herman,7.8
Mark Sandrich,7.8
Mike van Diem,7.8
Nathan Greno,7.8
Ralph Ziman,7.8
Rich Moore,7.8
Ritesh Batra,7.8
Robert Stevenson,7.8
Stanley Kubrick,7.8
Sylvain Chomet,7.8
Dean DeBlois,7.77
Mel Gibson,7.77
David Fincher,7.75
James Marsh,7.75
Michael Moore,7.75
Richard Curtis,7.75
Andrew Stanton,7.73
Peter Weir,7.73
Tom Hooper,7.73
Alex Garland,7.7
Alex Gibney,7.7
Andrew Haigh,7.7
Brian Henson,7.7
Caroline Link,7.7
Chris Paine,7.7
Chuan Lu,7.7
Denys Arcand,7.7
Eric Bress,7.7
Fernando LeÃ³n de Aranoa,7.7
FranÃ§ois Girard,7.7
Jorge RamÃ­rez SuÃ¡rez,7.7
Kevin Macdonald,7.7
Lloyd Bacon,7.7
Mark Osborne,7.7
Orson Welles,7.7
Paolo Sorrentino,7.7
Philip Saville,7.7
Ricki Stern,7.7
Shane Meadows,7.7
Steve McQueen,7.7
Tomm Moore,7.7
William Cottrell,7.7
Wolfgang Becker,7.7
Martin Scorsese,7.68
Peter Jackson,7.68
Thomas Vinterberg,7.67
Francis Ford Coppola,7.66
Ben Affleck,7.65
Charles Ferguson,7.65
John Carney,7.65
Matthew Vaughn,7.65
Paul Haggis,7.65
Philip Kaufman,7.65
Todd Solondz,7.65
Alejandro AmenÃ¡bar,7.63
Chan-wook Park,7.63
Mel Brooks,7.63
Wes Anderson,7.63
Anthony Powell,7.6
Barry W. Blaustein,7.6
Brian Percival,7.6
Chia-Liang Liu,7.6
Chris Buck,7.6
Don Siegel,7.6
Edgar Wright,7.6
Eugenio Derbez,7.6
Fernando Meirelles,7.6
Gareth Evans,7.6
Isabel Coixet,7.6
Jerome Robbins,7.6
Joshua Tickell,7.6
Kay Pollak,7.6
Kevin Jordan,7.6
Luc Jacquet,7.6
Martin McDonagh,7.6
Mary Harron,7.6
Michael McGowan,7.6
Pan Nalin,7.6
Petter NÃ¦ss,7.6
Pierre Coffin,7.6
Ryan Coogler,7.6
Stanley Kramer,7.6
Ted Demme,7.6
Thea Sharrock,7.6
Tim McCanlies,7.6
Tom Ford,7.6
Paul Greengrass,7.59
Brad Bird,7.58
Spike Jonze,7.58
Duncan Jones,7.57
J.A. Bayona,7.55
James Algar,7.55
Stephen Chow,7.55
Steve James,7.55
Todd Field,7.55
Steven Spielberg,7.54
David Lynch,7.53
Yimou Zhang,7.53
Paul Thomas Anderson,7.52
Bennett Miller,7.5
Carol Reed,7.5
Charlie Kaufman,7.5
Dexter Fletcher,7.5
Gilles Paquet-Brenner,7.5
Irvin Kershner,7.5
Jafar Panahi,7.5
John Crowley,7.5
John G. Avildsen,7.5
John Patrick Shanley,7.5
Joshua Marston,7.5
Justin Dillon,7.5
Katsuhiro Ã”tomo,7.5
Khyentse Norbu,7.5
Kirsten Sheridan,7.5
Lars von Trier,7.5
Lynne Ramsay,7.5
Norman Ferguson,7.5
Sam Mendes,7.5
Sean Penn,7.5
Steve Box,7.5
Tate Taylor,7.5
Timothy Hines,7.5
Tom Putnam,7.5
Tony Bancroft,7.5
Whit Stillman,7.5
William H. Macy,7.5
Darren Aronofsky,7.48
Jean-Marc VallÃ©e,7.47
Denzel Washington,7.45
J.J. Abrams,7.45
Marco Kreuzpaintner,7.45
Nicholas Meyer,7.45
Stephen Daldry,7.45
Danny Boyle,7.44
Niki Caro,7.43
Richard Attenborough,7.43
Alexander Payne,7.42
Alejandro Monteverde,7.4
David Silverman,7.4
Duncan Tucker,7.4
George Lucas,7.4
Goran Dukic,7.4
Ham Tran,7.4
JirÃ­ Menzel,7.4
Joel Coen,7.4
Kiyoshi Kurosawa,7.4
LÃ©a Pool,7.4
Michael Haneke,7.4
Michel Orion Scott,7.4
Miranda July,7.4
Morgan Neville,7.4
Nat Faxon,7.4
Raymond De Felitta,7.4
Ron Clements,7.4
Shane Black,7.4
Siddiq Barmak,7.4
Theodore Witcher,7.4
Yash Chopra,7.4
John Lasseter,7.38
Mike Leigh,7.36
Derek Cianfrance,7.35
Roger Allers,7.35
Jean-Pierre Jeunet,7.34
Edward Zwick,7.33
Richard Linklater,7.33
Roman Polanski,7.33
Terry Gilliam,7.33
Tom Tykwer,7.33
Robert Zemeckis,7.31
Anthony Minghella,7.3
Benh Zeitlin,7.3
Bill Paxton,7.3
Carroll Ballard,7.3
Dan Harris,7.3
Dan Scanlon,7.3
Dan Trachtenberg,7.3
Duke Johnson,7.3
Eytan Fox,7.3
Fatih Akin,7.3
Gaspar NoÃ©,7.3
Greg Mottola,7.3
Hans Petter Moland,7.3
Jacob Aaron Estes,7.3
Jennifer Yuh Nelson,7.3
John Michael McDonagh,7.3
Johnnie To,7.3
Jorge R. GutiÃ©rrez,7.3
Laurent Tirard,7.3
Maggie Greenwald,7.3
Max FÃ¤rberbÃ¶ck,7.3
Nicholas Fackler,7.3
Ole Christian Madsen,7.3
Patrice Leconte,7.3
Patty Jenkins,7.3
Paul Crowder,7.3
Peter Farrelly,7.3
Peter Ramsey,7.3
Richard Glatzer,7.3
Robinson Devor,7.3
Stephen J. Anderson,7.3
Theodore Melfi,7.3
Tom McGrath,7.3
Bryan Singer,7.29
Phil Lord,7.28
Lee Daniels,7.27
Matt Reeves,7.27
Terence Young,7.27
Ang Lee,7.25
Richard Eyre,7.25
Terry Zwigoff,7.25
Tim Robbins,7.25
Jean-Jacques Annaud,7.23
Kathryn Bigelow,7.23
Marc Forster,7.23
Clint Eastwood,7.21
Aki KaurismÃ¤ki,7.2
Alessandro Carloni,7.2
Allen Coulter,7.2
Anna Boden,7.2
Ben Lewin,7.2
Billy Ray,7.2
Carlos Saura,7.2
Chris Eyre,7.2
Courtney Hunt,7.2
Craig Brewer,7.2
Daniel Barber,7.2
David S. Ward,7.2
David Yates,7.2
Debra Granik,7.2
FranÃ§ois Truffaut,7.2
Gabor Csupo,7.2
Henry Bean,7.2
Jamal Hill,7.2
James Wan,7.2
Jason Moore,7.2
Jason Reitman,7.2
Jonathan Caouette,7.2
Jonathan Demme,7.2
Jonathan Levine,7.2
Lee Toland Krieger,7.2
Marc Levin,7.2
Mark Andrews,7.2
Maurizio Benazzo,7.2
Michel Leclerc,7.2
Mor Loushy,7.2
Nacho Vigalondo,7.2
Nadine Labaki,7.2
Oren Moverman,7.2
Paul King,7.2
Peter Kosminsky,7.2
R. Balki,7.2
Richard Dutcher,7.2
Richard Kwietniowski,7.2
Richard Williams,7.2
Robert Duvall,7.2
Robert Fontaine,7.2
Robert Towne,7.2
Robert Wise,7.2
Ryan Fleck,7.2
Susanne Bier,7.2
Takeshi Kitano,7.2
Todd Haynes,7.2
Tom Sanchez,7.2
U. Roberto Romano,7.2
Wayne Kramer,7.2
Wilson Yip,7.2
Xavier Beauvois,7.2
Zack Snyder,7.18
David O. Russell,7.17
Jeff Nichols,7.17
Kevin Costner,7.17
Neill Blomkamp,7.17
Kenneth Branagh,7.16
Andrew Adamson,7.15
Lone Scherfig,7.15
Rian Johnson,7.15
Simon Curtis,7.15
Victor Nunez,7.15
Zach Braff,7.15
Guillermo del Toro,7.14
Christopher Guest,7.13
Doug Liman,7.13
Gina Prince-Bythewood,7.13
Gus Van Sant,7.13
James Gunn,7.13
Jon Favreau,7.13
Marc Webb,7.13
Baz Luhrmann,7.12
Ethan Coen,7.11
Guy Ritchie,7.11
Aaron Schneider,7.1
Adrienne Shelly,7.1
Antonia Bird,7.1
Brian Baugh,7.1
Brian Klugman,7.1
CÃ©dric Klapisch,7.1
Dan Fogelman,7.1
FranÃ§ois Ozon,7.1
Gary Ross,7.1
George Nolfi,7.1
Hans Canosa,7.1
IstvÃ¡n SzabÃ³,7.1
James Ivory,7.1
James Ponsoldt,7.1
Jeremy Saulnier,7.1
Jill Sprecher,7.1
Joel Edgerton,7.1
John Badham,7.1
John Cameron Mitchell,7.1
John Maybury,7.1
Jonathan Teplitzky,7.1
Julian Jarrold,7.1
Justin Kerrigan,7.1
Kenneth Lonergan,7.1
Lajos Koltai,7.1
Lisa Cholodenko,7.1
Martin Koolhoven,7.1
Michael Cuesta,7.1
Michael Radford,7.1
Molly Bernstein,7.1
Oliver Hirschbiegel,7.1
Olivier Assayas,7.1
Peter Care,7.1
Peter Ho-Sun Chan,7.1
Peter Landesman,7.1
Prachya Pinkaew,7.1
Reed Cowan,7.1
Russell Crowe,7.1
Sara Newens,7.1
Sarah Smith,7.1
Shane Acker,7.1
Spencer Susser,7.1
Terence Davies,7.1
Tim Hunter,7.1
Tomas Alfredson,7.1
Vincente Minnelli,7.1
Stephen Frears,7.09
James Mangold,7.08
Michael Mann,7.08
Nick Cassavetes,7.08
Albert Hughes,7.07
Ridley Scott,7.07
Trey Parker,7.07
David Cronenberg,7.06
David Mamet,7.05
John Lee Hancock,7.05
Tommy Lee Jones,7.05
Alan Parker,7.03
Boaz Yakin,7.03
Christopher McQuarrie,7.03
Guy Hamilton,7.03
Scott Cooper,7.03
Rob Reiner,7.02
Alison Maclean,7
AndrÃ© Ã˜vredal,7
Andrew Niccol,7
Angelo Pizzo,7
Anthony Russo,7
Arie Posin,7
Ava DuVernay,7
Ben Younger,7
Bill Plympton,7
Brenda Chapman,7
Chris Butler,7
Claudia Sainte-Luce,7
Clive Barker,7
Colin Trevorrow,7
Darnell Martin,7
David Duchovny,7
David Schwimmer,7
Dena Seidel,7
Don Bluth,7
Drew Goddard,7
Ed Harris,7
Emilio Estevez,7
Finn Taylor,7
Francis Lawrence,7
Fred Schepisi,7
George Sidney,7
Gillian Armstrong,7
Greg Berlanti,7
Guy Maddin,7
J.C. Chandor,7
James McTeigue,7
Jay Levey,7
Jim Hanon,7
John Hillcoat,7
John Landis,7
Jon Poll,7
Jon Shear,7
Joon-ho Bong,7
Josef Rusnak,7
Joseph L. Mankiewicz,7
Juan Carlos Fresnadillo,7
Karan Johar,7
Kelly Asbury,7
Larry Blamire,7
Larry Clark,7
Len Wiseman,7
Luca Guadagnino,7
Marc Abraham,7
Mark Romanek,7
Mars Callahan,7
Mike Binder,7
Mike Cahill,7
Patricia Cardoso,7
Penelope Spheeris,7
Robert Stromberg,7
Robert Townsend,7
Rodrigo CortÃ©s,7
Roger Nygard,7
Ron Maxwell,7
Shane Carruth,7
Stephen Hillenburg,7
Terrence Malick,7
Vadim Perelman,7
Vincent Ward,7
Werner Herzog,7
William Dear,7
Woody Allen,7
Gore Verbinski,6.99
Lasse HallstrÃ¶m,6.99
Curtis Hanson,6.98
Gabriele Muccino,6.98
Gavin O'Connor,6.98
Neil Burger,6.98
Shekhar Kapur,6.97
John Wells,6.95
Randal Kleiser,6.95
Randall Miller,6.95
Rodrigo GarcÃ­a,6.95
Antoine Fuqua,6.94
F. Gary Gray,6.94
Anton Corbijn,6.93
Atom Egoyan,6.93
Craig Gillespie,6.93
George Tillman Jr.,6.93
Michel Gondry,6.93
Mike Judge,6.93
Pete Travis,6.93
Ron Howard,6.93
Sofia Coppola,6.93
Tim Burton,6.93
Adam McKay,6.92
Lana Wachowski,6.92
Paul McGuigan,6.92
Oliver Stone,6.91
Benedikt Erlingsson,6.9
Billy Bob Thornton,6.9
Bonnie Hunt,6.9
Brian Dannelly,6.9
Bruce Beresford,6.9
Byron Howard,6.9
Chris Noonan,6.9
Christine Jeffs,6.9
Claude Miller,6.9
Dagur KÃ¡ri,6.9
Damien O'Donnell,6.9
Dave McKean,6.9
David F. Sandberg,6.9
David Robert Mitchell,6.9
Drew Barrymore,6.9
Franco Zeffirelli,6.9
Genndy Tartakovsky,6.9
Gregor Jordan,6.9
Hal Haberman,6.9
Jean-Paul Rappeneau,6.9
Joe Carnahan,6.9
John Gatins,6.9
Julian Schnabel,6.9
Julie Taymor,6.9
Justin Chadwick,6.9
Kar-Wai Wong,6.9
Kelly Reichardt,6.9
King Vidor,6.9
Lucio Fulci,6.9
Marielle Heller,6.9
Mark Rydell,6.9
Matt Maiellaro,6.9
Michael Schultz,6.9
Mike Mills,6.9
Nigel Cole,6.9
Ol Parker,6.9
Phil Joanou,6.9
Richard E. Grant,6.9
Ronan Chapalain,6.9
Russell Holt,6.9
Sally Potter,6.9
Saul Dibb,6.9
Sherman Alexie,6.9
Steve Buscemi,6.9
Steve Martino,6.9
Zal Batmanglij,6.9
Gavin Hood,6.88
Taylor Hackford,6.88
Chris Wedge,6.87
Glenn Ficarra,6.87
Joseph Kosinski,6.87
Michael Hoffman,6.87
Brad Anderson,6.86
Alan Taylor,6.85
Andrew Dominik,6.85
Gary Trousdale,6.85
Jee-woon Kim,6.85
John Sayles,6.85
Mark Pellington,6.85
Noah Baumbach,6.85
Patricia Riggen,6.85
Peter Hedges,6.85
Peter Lord,6.85
Pierre Morel,6.85
Richard LaGravenese,6.85
Richard Shepard,6.85
Sam Raimi,6.85
Sylvester Stallone,6.85
Justin Lin,6.84
Mike Newell,6.84
Robert Redford,6.84
Scott Hicks,6.84
Carlos Saldanha,6.83
Florian Henckel von Donnersmarck,6.83
James Foley,6.83
John Carpenter,6.83
JosÃ© Padilha,6.83
Nicolas Winding Refn,6.83
Ruben Fleischer,6.83
Alex Proyas,6.82
Adam Rifkin,6.8
Agnieszka Holland,6.8
Alejandro Agresti,6.8
Andrew Currie,6.8
Ash Brannon,6.8
Carlos Carrera,6.8
Catherine Gund,6.8
Dustin Hoffman,6.8
E.L. Katz,6.8
Garth Jennings,6.8
Graham Annable,6.8
Guillaume Canet,6.8
Henry Koster,6.8
Jeremy Leven,6.8
John Dahl,6.8
John H. Lee,6.8
Jonas Ã…kerlund,6.8
Joseph Dorman,6.8
Kief Davidson,6.8
Larry Charles,6.8
Luis Valdez,6.8
Matt Williams,6.8
Menno Meyjes,6.8
Michael Anderson,6.8
Michael Cimino,6.8
Michael Sucsy,6.8
Newt Arnold,6.8
Nick Tomnay,6.8
Pawel Pawlikowski,6.8
Peter R. Hunt,6.8
Peter Sollett,6.8
Peter Stebbings,6.8
R.J. Cutler,6.8
Rob McKittrick,6.8
Robert Altman,6.8
Robert Eggers,6.8
Ryan Little,6.8
Salvador Carrasco,6.8
Sam Peckinpah,6.8
Steven Shainberg,6.8
Tobe Hooper,6.8
Udayan Prasad,6.8
Yarrow Cheney,6.8
Tony Scott,6.79
Joe Wright,6.78
John Madden,6.78
Kevin Smith,6.78
Norman Jewison,6.78
Baltasar KormÃ¡kur,6.77
David Ayer,6.77
Jeff Tremaine,6.77
Lewis Gilbert,6.77
Phillip Noyce,6.77
Roger Donaldson,6.77
Wolfgang Petersen,6.77
Eric Darnell,6.76
Nancy Meyers,6.76
Neil Jordan,6.76
Costa-Gavras,6.75
Jake Schreier,6.75
James Gray,6.75
Penny Marshall,6.75
Rawson Marshall Thurber,6.75
D.J. Caruso,6.74
Alex Kendrick,6.73
Brad Furman,6.73
Jay Russell,6.73
Spike Lee,6.73
Tim Johnson,6.73
Tony Gilroy,6.73
Brian Helgeland,6.72
Martin Campbell,6.71
Steven Soderbergh,6.71
Ã‰mile Gaudreault,6.7
Andy Garcia,6.7
Audrey Wells,6.7
Bruce McDonald,6.7
Cecil B. DeMille,6.7
Christian Volckman,6.7
Drake Doremus,6.7
Ernest R. Dickerson,6.7
Ethan Maniquis,6.7
EugÃ¨ne LouriÃ©,6.7
Frank LaLoggia,6.7
Gregory Nava,6.7
James Bidgood,6.7
James Mottern,6.7
Jason Alexander,6.7
Jason Bateman,6.7
Jerry Zaks,6.7
Jonathan Lynn,6.7
Karen Moncrieff,6.7
Lance Mungia,6.7
Leslie Small,6.7
Liz Friedlander,6.7
Lorene Scafaria,6.7
Lucky McKee,6.7
Lucrecia Martel,6.7
Lynn Shelton,6.7
Matthew Diamond,6.7
Matthew Robbins,6.7
Michael Clancy,6.7
Nima Nourizadeh,6.7
Oliver Parker,6.7
Pat O'Connor,6.7
Patricia Rozema,6.7
Patrick Gilmore,6.7
Piyush Dinker Pandya,6.7
Rebecca Miller,6.7
Sharon Maguire,6.7
Stanley Tong,6.7
Thaddeus O'Sullivan,6.7
David Twohy,6.68
George Clooney,6.68
George Miller,6.68
Kevin Reynolds,6.68
Nicole Holofcener,6.68
David Gordon Green,6.67
Jodie Foster,6.67
Mark Dindal,6.67
Peter Berg,6.67
Roger Michell,6.67
Thomas Carter,6.67
Todd Phillips,6.66
Anand Tucker,6.65
Chris Columbus,6.65
David Dobkin,6.65
Evan Goldberg,6.65
Jessie Nelson,6.65
Jon Hurwitz,6.65
Richard Fleischer,6.65
Michael Bay,6.64
James Bobin,6.63
Jane Campion,6.63
John McTiernan,6.63
Luc Besson,6.63
Randall Wallace,6.63
Richard Donner,6.63
Gary Fleder,6.62
Abel Ferrara,6.6
Andrea Di Stefano,6.6
Ariel Vromen,6.6
Asger Leth,6.6
Brian De Palma,6.6
Carl Franklin,6.6
Chatrichalerm Yukol,6.6
Chris Nahon,6.6
Christophe Gans,6.6
Christopher Smith,6.6
Claude Chabrol,6.6
Daniel Espinosa,6.6
David Carson,6.6
David Frankel,6.6
Dean Wright,6.6
Dennis Iliadis,6.6
Eddie O'Flaherty,6.6
Florent-Emilio Siri,6.6
Floria Sigismondi,6.6
GÃ©rard Krawczyk,6.6
George Stevens,6.6
Gregory Hoblit,6.6
Gregory Widen,6.6
Hunter Richards,6.6
James Cox,6.6
Jeff Schaffer,6.6
Joe Cornish,6.6
John Glen,6.6
Jon Stewart,6.6
Joseph Gordon-Levitt,6.6
Judd Apatow,6.6
Kirk Jones,6.6
Laurie Collyer,6.6
Leonard Nimoy,6.6
Matthew O'Callaghan,6.6
Mike Gabriel,6.6
Neil Marshall,6.6
Nicholas Jarecki,6.6
Patrick Tatopoulos,6.6
Paul Michael Glaser,6.6
Peter Medak,6.6
Rob Marshall,6.6
Rod Lurie,6.6
Roger Avary,6.6
Scott Ziehl,6.6
Stefan Schwartz,6.6
Sterling Van Wagenen,6.6
Tamara Jenkins,6.6
Tim Boxell,6.6
Tony Bill,6.6
Wes Ball,6.6
Zak Penn,6.6
Barry Levinson,6.58
Mike Nichols,6.58
Sydney Pollack,6.58
Barbra Streisand,6.57
Jay Roach,6.57
Neil LaBute,6.57
Walter Salles,6.57
Bill Condon,6.56
Paul Verhoeven,6.56
Cameron Crowe,6.55
Fenton Bailey,6.55
Gil Kenan,6.55
Harold Ramis,6.55
Iain Softley,6.55
Jonathan Mostow,6.55
Lawrence Kasdan,6.55
Michael Landon Jr.,6.55
Peter Cattaneo,6.55
Uli Edel,6.55
Vincenzo Natali,6.55
Louis Leterrier,6.54
Mikael HÃ¥fstrÃ¶m,6.53
Nicholas Hytner,6.53
Richard Loncraine,6.53
Rupert Wyatt,6.53
Sidney Lumet,6.53
John Woo,6.52
Andrew Davis,6.5
Ari Sandel,6.5
Barry Skolnick,6.5
Christian Alvart,6.5
Christopher Scott Cherot,6.5
Chuck Sheetz,6.5
Clark Gregg,6.5
Cody Cameron,6.5
Cory Edwards,6.5
David Bowers,6.5
David Jacobson,6.5
David Soren,6.5
David Webb Peoples,6.5
Derrick Borte,6.5
Don Coscarelli,6.5
Eric Leighton,6.5
Fede Alvarez,6.5
Gary McKendry,6.5
Hart Bochner,6.5
Herbert Ross,6.5
James Fargo,6.5
James L. Brooks,6.5
Jamie Babbit,6.5
Jean-Jacques Mantello,6.5
Jennifer Wynne Farmer,6.5
Jim Mickle,6.5
Joby Harold,6.5
John McNaughton,6.5
John Milius,6.5
Jon Kasdan,6.5
Jon Turteltaub,6.5
Jonathan Hensleigh,6.5
Maria Maggenti,6.5
Michael Mayer,6.5
Michael Patrick Jann,6.5
Michael Spierig,6.5
Mike Figgis,6.5
Mike Flanagan,6.5
Mike McCoy,6.5
Mitch Davis,6.5
Niels Arden Oplev,6.5
Pete Jones,6.5
Peter Faiman,6.5
Peter Kassovitz,6.5
Ric Roman Waugh,6.5
Rich Cowan,6.5
Robert B. Weide,6.5
Robert Cary,6.5
Roger Spottiswoode,6.5
Rowdy Herrington,6.5
Russell Mulcahy,6.5
Scott Frank,6.5
Scott Speer,6.5
Scott Waugh,6.5
Sean McNamara,6.5
Seth MacFarlane,6.5
Sol Tryon,6.5
Susan Seidelman,6.5
Teddy Chan,6.5
Tim Chambers,6.5
Tom Hanks,6.5
Kimberly Peirce,6.48
Michael Winterbottom,6.48
Peyton Reed,6.48
Frank Miller,6.47
Jay Duplass,6.47
Richard Lester,6.47
Barry Sonnenfeld,6.46
Brett Ratner,6.46
David Koepp,6.46
Anne Fontaine,6.45
Bibo Bergeron,6.45
C. Jay Cox,6.45
Gurinder Chadha,6.45
Howard Zieff,6.45
Irwin Winkler,6.45
John Curran,6.45
Miguel Arteta,6.45
Mira Nair,6.45
Nicholas Stoller,6.45
Stephen Norrington,6.45
Warren Beatty,6.45
William Friedkin,6.45
Burr Steers,6.43
Frank Marshall,6.43
Jerry Zucker,6.43
Shana Feste,6.43
Frank Oz,6.41
Adam Rapp,6.4
Adrian Lyne,6.4
Allison Anders,6.4
Bille August,6.4
Bob Saget,6.4
Brian Koppelman,6.4
Chris Miller,6.4
Craig Zobel,6.4
Damian Nieman,6.4
Dan Rush,6.4
Daniel Myrick,6.4
David G. Evans,6.4
Dean Israelite,6.4
Douglas McGrath,6.4
E. Elias Merhige,6.4
Edward Norton,6.4
Emma-Kate Croghan,6.4
Eric Styles,6.4
Floyd Mutrux,6.4
Frank Nissen,6.4
Gareth Edwards,6.4
Heidi Ewing,6.4
Hironobu Sakaguchi,6.4
Hsiao-Hsien Hou,6.4
Hugh Hudson,6.4
James Watkins,6.4
Jaume Collet-Serra,6.4
Jeb Stuart,6.4
Jim Field Smith,6.4
Joe Dante,6.4
Jonathan Kaplan,6.4
Kevin Spacey,6.4
Kyle Balda,6.4
MÃ¥ns MÃ¥rlind,6.4
Michael Corrente,6.4
Mimi Leder,6.4
Noel Marshall,6.4
Peter Atencio,6.4
Phil Alden Robinson,6.4
Ramaa Mosley,6.4
Ray Lawrence,6.4
Richard Kelly,6.4
Rick Famuyiwa,6.4
Ricky Gervais,6.4
Robert Moresco,6.4
Steve Antin,6.4
Stuart Baird,6.4
Susan Stroman,6.4
Edward Burns,6.37
George P. Cosmatos,6.37
Jeff Wadlow,6.37
John Hamburg,6.37
Timur Bekmambetov,6.37
Darren Lynn Bousman,6.35
Morgan J. Freeman,6.35
Phyllida Lloyd,6.35
Robert Schwentke,6.35
Steven Zaillian,6.35
Tony Goldwyn,6.35
Ben Stiller,6.34
Joel Schumacher,6.34
Joe Johnston,6.33
John Waters,6.33
Victor Salva,6.33
Michael Apted,6.32
Tom Shadyac,6.31
Alan J. Pakula,6.3
Antonio Banderas,6.3
Ben Wheatley,6.3
Brendan Malloy,6.3
Bruce Campbell,6.3
Carl Rinsch,6.3
Christopher Cain,6.3
Clay Kaytis,6.3
Danny Leiner,6.3
David Nixon,6.3
Dick Richards,6.3
Gary Hardwick,6.3
Gary Shore,6.3
George Hickenlooper,6.3
Harry Beaumont,6.3
Hilary Brougher,6.3
Ira Sachs,6.3
Jared Hess,6.3
Jean-FranÃ§ois Richet,6.3
Jeremy Degruson,6.3
Jim Sheridan,6.3
Joe Pytka,6.3
John Erick Dowdle,6.3
Jon Lucas,6.3
Jun Falkenstein,6.3
Kevin Brodie,6.3
Lena Dunham,6.3
Mark Illsley,6.3
Mark Waters,6.3
Michael Dowse,6.3
Michael O. Sajbel,6.3
Miguel Sapochnik,6.3
Nanette Burstein,6.3
Neill Dela Llana,6.3
Oren Peli,6.3
P.J. Hogan,6.3
Philip G. Atwell,6.3
Rachel Perkins,6.3
Robert Lee King,6.3
Rowan Joffe,6.3
Sngmoo Lee,6.3
Stephen Gaghan,6.3
Steve Bendelack,6.3
Steve Carver,6.3
Steven R. Monroe,6.3
Todd Strauss-Schulson,6.3
Tom Vaughan,6.3
Troy Duffy,6.3
Ulu Grosbard,6.3
Wally Pfister,6.3
Will Gluck,6.3
Dean Parisot,6.28
Danny DeVito,6.27
Jean-Marie PoirÃ©,6.27
Sergey Bodrov,6.27
John Singleton,6.26
Andy Tennant,6.25
Tommy Wirkola,6.25
Vincent Gallo,6.25
Bobby Farrelly,6.24
Alexandre Aja,6.23
Olivier Megaton,6.23
Peter Howitt,6.23
Akiva Goldsman,6.2
Alexander Witt,6.2
Allen Hughes,6.2
AndrÃ©s Muschietti,6.2
Blake Edwards,6.2
Brad Silberling,6.2
Bryan Barber,6.2
Charles Herman-Wurmfeld,6.2
Charles Shyer,6.2
Daryl Wein,6.2
David Anspaugh,6.2
David Mirkin,6.2
David Slade,6.2
Fred Walton,6.2
Frederik Du Chau,6.2
Grant Heslov,6.2
Henry Selick,6.2
James David Pasternak,6.2
James Dodson,6.2
Jeff Garlin,6.2
Joey Lauren Adams,6.2
John Fortenberry,6.2
Jon Amiel,6.2
Jonathan Kesselman,6.2
Josh Gordon,6.2
Ken Kwapis,6.2
Khalid Mohamed,6.2
Kurt Hale,6.2
Lance Hool,6.2
Lloyd Kaufman,6.2
Marc Forby,6.2
Mel Smith,6.2
Michael Dougherty,6.2
Noah Buschel,6.2
Noam Murro,6.2
Peter Webber,6.2
Rafa Lara,6.2
Rodman Flender,6.2
Rupert Wainwright,6.2
Russ Meyer,6.2
Steve Hickner,6.2
Steve Oedekerk,6.2
Tim Blake Nelson,6.2
Tony Jaa,6.2
Tony Maylam,6.2
Vicente Amorim,6.2
Peter Segal,6.19
Roland Emmerich,6.19
Breck Eisner,6.17
Dominic Sena,6.17
Kenny Ortega,6.17
Nora Ephron,6.17
Andrew Fleming,6.15
George Armitage,6.15
Michael Polish,6.15
Mike Nawrocki,6.15
Harold Becker,6.14
Scott Derrickson,6.14
Charles Martin Smith,6.13
Jake Kasdan,6.13
Sean Anders,6.13
Stephen Herek,6.13
Tarsem Singh,6.13
Wes Craven,6.11
Adam Carolla,6.1
Ãlex de la Iglesia,6.1
Alex Smith,6.1
Andy Cadiff,6.1
Bill Duke,6.1
Bob Rafelson,6.1
Cedric Nicolas-Troyan,6.1
Christian Ditter,6.1
Damon Santostefano,6.1
Daniel Lee,6.1
Dario Argento,6.1
David Palmer,6.1
Efram Potelle,6.1
Eric Nicholas,6.1
Franck Khalfoun,6.1
Gene Quintano,6.1
Griffin Dunne,6.1
Hitoshi Matsumoto,6.1
James DeMonaco,6.1
James Mather,6.1
Jason Eisener,6.1
Jez Butterworth,6.1
Joe Camp,6.1
John Boorman,6.1
John Francis Daley,6.1
John Herzfeld,6.1
Jonathan Glazer,6.1
Jorge Blanco,6.1
Joshua Michael Stern,6.1
Karim AÃ¯nouz,6.1
Kerry Conran,6.1
Kirk Wong,6.1
Kurt Voss,6.1
Leigh Whannell,6.1
Marcus Dunstan,6.1
Martin Brest,6.1
Max Joseph,6.1
Nick Love,6.1
Panos Cosmatos,6.1
Patrick Hughes,6.1
Rob Schmidt,6.1
Rupert Sanders,6.1
Rusty Cundieff,6.1
RyÃ»hei Kitamura,6.1
Sam Fell,6.1
Sheldon Lettich,6.1
Stig Bergqvist,6.1
Stuart Gordon,6.1
Susanna White,6.1
Tom Gormican,6.1
Tom Holland,6.1
Shawn Levy,6.09
Simon West,6.09
Catherine Hardwicke,6.08
Chris Weitz,6.08
Gary Winick,6.08
Ivan Reitman,6.08
McG,6.08
Stephen Sommers,6.08
Seth Gordon,6.07
Clark Johnson,6.05
Dave Green,6.05
Davis Guggenheim,6.05
Mark Steven Johnson,6.05
NimrÃ³d Antal,6.05
Rob Bowman,6.05
Rob Letterman,6.05
Thomas Bezucha,6.05
Tim Story,6.05
Todd Graff,6.05
Tommy O'Haver,6.05
Xavier Gens,6.05
Anne Fletcher,6.04
Chuck Russell,6.04
Frank Coraci,6.04
M. Night Shyamalan,6.04
Barbet Schroeder,6.03
Jay Chandrasekhar,6.03
Jesse Dylan,6.03
Jon Gunn,6.03
Paul Weitz,6.02
Wayne Wang,6.02
Alan Cohn,6
Andrew Douglas,6
Anurag Basu,6
Bruce Paltrow,6
Craig Bolotin,6
Dan Mazer,6
David Boyd,6
Elizabeth Allen Rosenbaum,6
Eric Schaeffer,6
Etan Cohen,6
Frank Sebastiano,6
Gil Junger,6
Greg Harrison,6
Jamie Travis,6
Jaume BalaguerÃ³,6
Jennifer Flackett,6
Jon Avnet,6
Kinka Usher,6
Lexi Alexander,6
Li Zhang,6
Luke Greenfield,6
Marc SchÃ¶lermann,6
Mark L. Lester,6
Mark Mylod,6
Matt Dillon,6
Michael Cristofer,6
Michael Gornick,6
Michael McCullers,6
Michael Pressman,6
Morgan Spurlock,6
Paul Gross,6
Paul Tibbitt,6
Richard Raymond,6
Robert Luketic,6
Stephen Milburn Anderson,6
Steve Taylor,6
Takao Okawara,6
Tony Richardson,6
Paul W.S. Anderson,5.99
Howard Deutch,5.97
John Stockwell,5.97
Adam Shankman,5.96
Chris Rock,5.95
David Wain,5.95
Garry Marshall,5.95
George Gallo,5.95
Jesse Peretz,5.95
John A. Davis,5.95
Kevin Bray,5.95
Kevin Lima,5.95
Kurt Wimmer,5.95
Lee Tamahori,5.95
Ryan Murphy,5.95
Ti West,5.95
Rob Minkoff,5.94
Agnieszka Wojtowicz-Vosloo,5.9
Alex Rivera,5.9
Alister Grierson,5.9
Anthony Hemingway,5.9
Babak Najafi,5.9
Beeban Kidron,5.9
Benny Boom,5.9
Bronwen Hughes,5.9
Cal Brunker,5.9
Callie Khouri,5.9
Carter Smith,5.9
Chris Carter,5.9
Clare Kilner,5.9
Dan Cutforth,5.9
Demian Lichtenstein,5.9
Don Scardino,5.9
Ed Decter,5.9
Forest Whitaker,5.9
Francesca Gregorini,5.9
Gary David Goldberg,5.9
Harry Elfont,5.9
Igor Kovalyov,5.9
Jake Paltrow,5.9
Jeff Burr,5.9
John 'Bud' Cardos,5.9
Joseph Zito,5.9
Julio DePietro,5.9
Kate Connor,5.9
Ken Scott,5.9
Kirk De Micco,5.9
Leon Ichaso,5.9
Mamoru Hosoda,5.9
Matty Rich,5.9
Mennan Yapo,5.9
Michael Caton-Jones,5.9
Michael Lembeck,5.9
Michael Tollin,5.9
Mike Marvin,5.9
Olatunde Osunsanmi,5.9
Ole Bornedal,5.9
Patrick Stettner,5.9
Paul Feig,5.9
Paul Mazursky,5.9
Risa Bramon Garcia,5.9
Robert Ben Garant,5.9
Ron Shelton,5.9
Shari Springer Berman,5.9
Tom Kalin,5.9
Tom McLoughlin,5.9
Tuck Tucker,5.9
Wayne Beach,5.9
Steve Pink,5.87
Jonathan Frakes,5.85
Kasi Lemmons,5.85
Luis Mandoki,5.85
Steven Quale,5.85
Henry Joost,5.83
Hugh Wilson,5.83
Thor Freudenthal,5.83
Colin Higgins,5.8
Daniel Sackheim,5.8
David Atkins,5.8
David Hackl,5.8
Ernie Barbarash,5.8
Gary Halvorson,5.8
Hue Rhodes,5.8
Jeff Franklin,5.8
Jody Hill,5.8
John Duigan,5.8
John Frankenheimer,5.8
John Moore,5.8
Kate Barker-Froyland,5.8
Kelly Makin,5.8
Kent Alterman,5.8
Kevin Greutert,5.8
Maggie Carey,5.8
Marcus Raboy,5.8
Mark Christopher,5.8
Mikael Salomon,5.8
Pascal Arnold,5.8
Paul Abascal,5.8
Paul Weiland,5.8
Peter Lepeniotis,5.8
Quentin Dupieux,5.8
Robin Budd,5.8
Sylvain White,5.8
Timothy BjÃ¶rklund,5.8
Stephen Hopkins,5.78
Andy Fickman,5.77
Paul Schrader,5.77
Steve Miner,5.76
Mick Jackson,5.75
Renny Harlin,5.75
Sam Miller,5.75
Amy Heckerling,5.73
Dennis Dugan,5.73
Rob Zombie,5.73
Akiva Schaffer,5.7
Antony Hoffman,5.7
Boris Rodriguez,5.7
Danny Cannon,5.7
Ekachai Uekrongtham,5.7
Emile Ardolino,5.7
Eric Blakeney,5.7
Gregory Jacobs,5.7
Jeannot Szwarc,5.7
Joel Gallen,5.7
John Lafia,5.7
Jonathan Liebesman,5.7
Josh Trank,5.7
Joshua Seftel,5.7
Kat Coiro,5.7
Kevin Munroe,5.7
Kevin Rodney Sullivan,5.7
Kevin Tenney,5.7
Levan Gabriadze,5.7
Mark Rosman,5.7
Mathieu Kassovitz,5.7
Michael D. Sellers,5.7
Paul Bunnell,5.7
Peter MacDonald,5.7
Rick Bieber,5.7
Salim Akil,5.7
Scott Alexander,5.7
Tod Williams,5.7
Youssef Delara,5.7
Rob Cohen,5.69
Robert Rodriguez,5.69
Mike Mitchell,5.68
Steven Brill,5.68
Joe Nussbaum,5.67
Donald Petrie,5.66
J.B. Rogers,5.65
Michael Lehmann,5.65
Michael Ritchie,5.65
Michael Rymer,5.65
Simon Wells,5.65
George A. Romero,5.63
John Pasquin,5.63
Simon Wincer,5.63
Stefan Ruzowitzky,5.63
Albert Brooks,5.6
Angelina Jolie Pitt,5.6
Blair Hayes,5.6
Bob Dolman,5.6
Brandon Camp,5.6
Brandon Trost,5.6
Brian Gibson,5.6
Charles Stone III,5.6
Christopher Spencer,5.6
Daniel Barnz,5.6
Daniel Stamm,5.6
Darren Grant,5.6
Gary Chapman,5.6
Gene Teigland,5.6
Harley Cokeliss,5.6
Henry Hobson,5.6
Ice Cube,5.6
James Bridges,5.6
Jim Gillespie,5.6
Joe Swanberg,5.6
John Eng,5.6
Johnny Remo,5.6
Jonas Elmer,5.6
Joseph Ruben,5.6
Justin Zackham,5.6
Kaige Chen,5.6
Karey Kirkpatrick,5.6
Keith Gordon,5.6
Malcolm D. Lee,5.6
Mark Helfrich,5.6
Mark Tonderai,5.6
Martin Lawrence,5.6
Mary Lambert,5.6
Michael Dinner,5.6
Nick Gomez,5.6
Patrick Read Johnson,5.6
Rich Christiano,5.6
Scott Kalvert,5.6
Troy Nixey,5.6
Walt Becker,5.6
Wil Shriner,5.6
Eli Roth,5.57
Mark Neveldine,5.56
Craig R. Baxley,5.55
Julie Anne Robinson,5.55
Tim Hill,5.55
Brian Robbins,5.53
Walter Hill,5.53
David R. Ellis,5.52
Jan de Bont,5.52
Andrew Wilson,5.5
Benjamin Dickinson,5.5
Chris Kentis,5.5
Daniel Algrant,5.5
David Nutter,5.5
Dennie Gordon,5.5
Greg Coolidge,5.5
Harald Zwart,5.5
Jeff Kanew,5.5
Joan Chen,5.5
John Cornell,5.5
John Luessenhop,5.5
John Putch,5.5
Jorma Taccone,5.5
Les Mayfield,5.5
Matt Piedmont,5.5
Melvin Van Peebles,5.5
Michael Meredith,5.5
Paul Hunter,5.5
Peter Billingsley,5.5
Roland JoffÃ©,5.5
Ron Underwood,5.5
Ronny Yu,5.5
Ruairi Robinson,5.5
Steve Beck,5.5
Will Finn,5.5
Tom Dey,5.47
Bart Freundlich,5.45
Brett Leonard,5.45
David Raynr,5.45
Joe Roth,5.45
Joel Zwick,5.45
John Polson,5.45
Sam Weisman,5.45
Scott Stewart,5.45
Takashi Shimizu,5.45
Adam Goldberg,5.4
Andrew Erwin,5.4
Brad Peyton,5.4
Camille Delamarre,5.4
Cyrus Nowrasteh,5.4
Danny Pang,5.4
Darren Stein,5.4
David Moreau,5.4
Doug Lefler,5.4
Elizabeth Banks,5.4
Ellory Elkayem,5.4
Frank Whaley,5.4
Fred Wolf,5.4
Geoff Murphy,5.4
Jack Sholder,5.4
John Schlesinger,5.4
John Schultz,5.4
John Stainton,5.4
Jonathan Newman,5.4
Josh Schwartz,5.4
Kevin Allen,5.4
Marc Lawrence,5.4
Peter Chelsom,5.4
Ringo Lam,5.4
RZA,5.4
Siddharth Anand,5.4
Steve Trenbirth,5.4
Wallace Wolodarsky,5.4
William Shatner,5.4
Andrey Konchalovskiy,5.35
Glen Morgan,5.35
Steve Carr,5.35
Jon M. Chu,5.34
Alan Poul,5.3
Anthony Bell,5.3
Anthony Hickox,5.3
Betty Thomas,5.3
Bob Odenkirk,5.3
Charles S. Dutton,5.3
Claudia Llosa,5.3
Dewey Nicks,5.3
Ericson Core,5.3
Fina Torres,5.3
Geoffrey Sax,5.3
George Ratliff,5.3
Gregory Poirier,5.3
Harmony Korine,5.3
J.S. Cardone,5.3
Jim Fall,5.3
Jimmy Hayward,5.3
Joe Charbanic,5.3
John Carl Buechler,5.3
John Gray,5.3
Karyn Kusama,5.3
Kevin Donovan,5.3
Kevin Hooks,5.3
Leslye Headland,5.3
Mark Tarlov,5.3
Michael Chapman,5.3
Myles Berkowitz,5.3
Neema Barnette,5.3
Patrick Lussier,5.3
Peter Hewitt,5.3
Rand Ravich,5.3
Rick Friedberg,5.3
Steve Barron,5.3
Tim Heidecker,5.3
Tina Gordon Chism,5.3
Tom Schulman,5.3
Vicky Jenson,5.3
James Wong,5.28
Reginald Hudlin,5.27
Roger Kumble,5.27
Andrzej Bartkowiak,5.26
David Zucker,5.26
Chris Koch,5.25
Craig Mazin,5.25
Dwight H. Little,5.25
James Toback,5.25
Steve Rash,5.25
Peter Hyams,5.22
Alan Shapiro,5.2
Barry Cook,5.2
Cathy Malkasian,5.2
CiarÃ¡n Foy,5.2
David Gelb,5.2
Dominique Othenin-Girard,5.2
Eric Brevig,5.2
Franklin J. Schaffner,5.2
Gonzalo LÃ³pez-Gallego,5.2
Gordon Chan,5.2
Hugh Johnson,5.2
J Blakeson,5.2
Jeff Lowell,5.2
Kevin Tancharoen,5.2
Louis C.K.,5.2
Mark A.Z. DippÃ©,5.2
Mark Brown,5.2
Masayuki Ochiai,5.2
Nick Hurran,5.2
Oliver Blackburn,5.2
Ruba Nadda,5.2
Keenen Ivory Wayans,5.18
David S. Goyer,5.17
Robert Harmon,5.15
Ben Falcone,5.1
Bruce Hunt,5.1
Christian Duguay,5.1
Dinesh D'Souza,5.1
Dito Montiel,5.1
Fred Durst,5.1
George Jackson,5.1
Hoyt Yeatman,5.1
Jamie Blanks,5.1
John Hoffman,5.1
Jon Hess,5.1
Mark Piznarski,5.1
Martin Weisz,5.1
Mary McGuckian,5.1
Michael Herz,5.1
Ray Griggs,5.1
Robby Henson,5.1
Romesh Sharma,5.1
Shane Dawson,5.1
Stefen Fangmeier,5.1
Stewart Hendler,5.1
Stuart Beattie,5.1
William A. Graham,5.1
William Brent Bell,5.1
Zach Cregger,5.1
Bruce McCulloch,5.05
Rachel Talalay,5.05
Angela Robinson,5
Benson Lee,5
Bille Woodruff,5
Bradley Parker,5
Christopher Landon,5
David E. Talbert,5
David McNally,5
Enrique Begne,5
Jerry Jameson,5
Luis Llosa,5
Maurice Joyce,5
Michael J. Bassett,5
Stephen Kay,5
Tamra Davis,5
William A. Fraker,5
Raja Gosnell,4.92
Chris Gorak,4.9
Diane English,4.9
Don Mancini,4.9
Joe Chappelle,4.9
Kris Isacsson,4.9
Mabrouk El Mechri,4.9
Mort Nathan,4.9
Stephan Elliott,4.9
John Whitesell,4.88
Brian Levant,4.82
Andrew Bergman,4.8
Bruce Dellis,4.8
Christian E. Christiansen,4.8
Corey Yuen,4.8
Hark Tsui,4.8
Harry F. Millarde,4.8
Janusz Kaminski,4.8
Jason Zada,4.8
Mike Disa,4.8
Nick Hamm,4.8
Phil Traill,4.8
Ruggero Deodato,4.8
Stuart Gillard,4.8
Vivek Agnihotri,4.8
Tyler Perry,4.77
Richard Benjamin,4.73
Courtney Solomon,4.7
Danny Steinmann,4.7
Diane Keaton,4.7
Jim Sonzero,4.7
John Bonito,4.7
Katherine Dieckmann,4.7
Robert Butler,4.7
S.R. Bindler,4.7
Sam Firstenberg,4.7
Sue Corcoran,4.7
Warren P. Sonoda,4.7
Alan Rudolph,4.6
Alex Craig Mann,4.6
Daisy von Scherler Mayer,4.6
Deb Hagan,4.6
Douglas Aarniokoski,4.6
Huck Botko,4.6
Katt Shea,4.6
Mike Bigelow,4.6
Rob Pritts,4.6
Sara Sugarman,4.6
Tommy Lee Wallace,4.6
Willard Huyck,4.6
Colin Strause,4.55
John R. Leonetti,4.55
Gary Sherman,4.5
Jesse Vaughan,4.5
Nancy Walker,4.5
Paul Bolger,4.5
Rob Hedden,4.5
Tom Green,4.5
William Malone,4.45
Michael Tiddes,4.43
James Isaac,4.4
James Manera,4.4
Jessy Terrero,4.4
Marc F. Adler,4.4
Peter M. Cohen,4.4
Robert Iscove,4.4
Steven Seagal,4.4
Stiles White,4.4
Adam Marcus,4.3
Andrew Morahan,4.3
Charles T. Kanganis,4.3
Christopher Erskin,4.3
Dave Meyers,4.3
DJ Pooh,4.3
Michael Patrick King,4.3
Elaine May,4.2
Meiert Avis,4.2
Travis Cluff,4.2
Brian Trenchard-Smith,4.1
Chris Roberts,4.1
David Kellogg,4.1
Deon Taylor,4.1
Des McAnuff,4.1
Eric Bross,4.1
Jeffrey W. Byrd,4.1
John Ottman,4.1
Marcos Siega,4.1
Mic Rodgers,4.1
Mike Bruce,4.1
Preston A. Whitmore II,4.1
Rick Rosenthal,4.1
Sam Taylor-Johnson,4.1
Todd Lincoln,4.1
Annabel Jankel,4
Ed Gass-Donnelly,4
Joe Berlinger,4
Joseph Kahn,4
Matt Bettinelli-Olpin,4
Peter Hastings,4
Carmen Marron,3.9
Eric Valette,3.9
Fred Dekker,3.9
Michael Martin,3.9
Nelson McCormick,3.9
Scott Marshall,3.9
Stephen Carpenter,3.9
Steve Boyum,3.9
Bo Welch,3.8
Marco Schnabel,3.8
Mickey Liddell,3.8
Steven E. de Souza,3.8
Sylvio Tabet,3.8
Lawrence Guterman,3.7
Britt Allcroft,3.6
Hyung-rae Shim,3.6
JosÃ© Luis Valenzuela,3.6
Louis Morneau,3.6
Sidney J. Furie,3.6
Wych Kaosayananda,3.6
Bob Clark,3.53
Arthur Hiller,3.5
Chris Stokes,3.5
Damien Dante Wayans,3.5
Hal Needham,3.5
Robert Marcarelli,3.5
Harold Cronk,3.4
Troy Miller,3.4
Alan Metter,3.3
Arjun Sablok,3.3
Bob Spiers,3.3
Don Michael Paul,3.3
Gary Rogers,3.3
Klaus Menzel,3.3
Perry Andelin Blake,3.3
Pitof,3.3
Tom Brady,3.3
Christopher Leitch,3.2
Charles Robert Carner,3.1
Trent Cooper,3.1
Vic Armstrong,3.1
Jim Goddard,3
Nnegest LikkÃ©,3
Uwe Boll,3
Fred Savage,2.9
Dave Borthwick,2.8
Joseph Sargent,2.8
Kenneth Johnson,2.8
Steve Gomer,2.8
Aaron Seltzer,2.7
Rick de Oliveira,2.7
Jason Friedberg,2.6
Roger Christian,2.4
Alex Zamm,2.3
Vondie Curtis-Hall,2.1
